,precipitation,temp_max,temp_min,wind,weather,Predictions
0,0.0,12.8,5.0,4.7,drizzle,1
1,10.9,10.6,2.8,4.5,rain,4
2,0.8,11.7,7.2,2.3,rain,1
3,20.3,12.2,5.6,4.7,rain,4
4,1.3,8.9,2.8,6.1,rain,0
5,2.5,4.4,2.2,2.2,rain,0
6,0.0,7.2,2.8,2.3,rain,0
7,0.0,10.0,2.8,2.0,sun,0
8,4.3,9.4,5.0,3.4,rain,0
9,1.0,6.1,0.6,3.4,rain,0
10,0.0,6.1,-1.1,5.1,sun,0
11,0.0,6.1,-1.7,1.9,sun,0
12,0.0,5.0,-2.8,1.3,sun,0
13,4.1,4.4,0.6,5.3,snow,0
14,5.3,1.1,-3.3,3.2,snow,0
15,2.5,1.7,-2.8,5.0,snow,0
16,8.1,3.3,0.0,5.6,snow,0
17,19.8,0.0,-2.8,5.0,snow,4
18,15.2,-1.1,-2.8,1.6,snow,4
19,13.5,7.2,-1.1,2.3,snow,4
20,3.0,8.3,3.3,8.2,rain,0
21,6.1,6.7,2.2,4.8,rain,0
22,0.0,8.3,1.1,3.6,rain,0
23,8.6,10.0,2.2,5.1,rain,4
24,8.1,8.9,4.4,5.4,rain,4
25,4.8,8.9,1.1,4.8,rain,0
26,0.0,6.7,-2.2,1.4,drizzle,0
27,0.0,6.7,0.6,2.2,rain,0
28,27.7,9.4,3.9,4.5,rain,3
29,3.6,8.3,6.1,5.1,rain,0
30,1.8,9.4,6.1,3.9,rain,0
31,13.5,8.9,3.3,2.7,rain,4
32,0.0,8.3,1.7,2.6,sun,0
33,0.0,14.4,2.2,5.3,sun,0
34,0.0,15.6,5.0,4.3,sun,1
35,0.0,13.9,1.7,2.9,sun,0
36,0.0,16.1,1.7,5.0,sun,1
37,0.3,15.6,7.8,5.3,rain,1
38,2.8,10.0,5.0,2.7,rain,0
39,2.5,11.1,7.8,2.4,rain,1
40,2.5,12.8,6.7,3.0,rain,1
41,0.8,8.9,5.6,3.4,rain,0
42,1.0,8.3,5.0,1.3,rain,0
43,11.4,7.2,4.4,1.4,rain,4
44,2.5,6.7,1.1,3.1,rain,0
45,0.0,7.2,0.6,1.8,drizzle,0
46,1.8,7.2,3.3,2.1,rain,0
47,17.3,10.0,4.4,3.4,rain,4
48,6.4,6.7,3.9,8.1,rain,0
49,0.0,6.7,2.2,4.7,sun,0
50,3.0,7.8,1.7,2.9,rain,0
51,0.8,10.0,7.8,7.5,rain,0
52,8.6,10.0,2.8,5.9,rain,4
53,0.0,8.3,2.8,3.9,sun,0
54,11.4,6.7,4.4,3.5,rain,4
55,0.0,7.2,2.8,6.4,rain,0
56,1.3,5.0,-1.1,3.4,snow,0
57,0.0,6.7,-2.2,3.0,sun,0
58,3.6,6.7,-0.6,4.2,snow,0
59,0.8,5.0,1.1,7.0,snow,0
60,0.0,6.1,1.1,3.1,sun,0
61,2.0,6.7,3.9,5.1,rain,0
62,0.0,12.2,6.7,7.0,sun,1
63,0.0,10.6,6.7,5.6,rain,0
64,6.9,7.8,1.1,6.2,rain,0
65,0.5,6.7,0.0,2.7,snow,0
66,0.0,8.9,-1.7,2.7,sun,0
67,0.0,15.6,0.6,2.5,sun,0
68,3.6,9.4,5.0,2.8,rain,0
69,10.4,7.2,6.1,3.4,rain,4
70,13.7,6.7,2.8,5.8,rain,4
71,19.3,8.3,0.6,6.2,snow,4
72,9.4,5.6,0.6,5.3,snow,0
73,8.6,7.8,1.1,4.7,rain,0
74,23.9,11.1,5.6,5.8,snow,3
75,8.4,8.9,3.9,5.1,rain,4
76,9.4,10.0,0.6,3.8,snow,4
77,3.6,5.0,-0.6,2.7,rain,0
78,2.0,7.2,-1.1,3.0,rain,0
79,3.6,7.8,2.2,6.4,rain,0
80,1.3,8.9,1.1,2.5,rain,0
81,4.1,10.0,1.7,2.1,rain,0
82,0.0,12.2,0.6,2.8,sun,0
83,0.0,15.0,3.3,5.2,sun,1
84,0.0,13.3,2.2,2.7,rain,0
85,0.0,12.8,6.1,4.3,drizzle,1
86,4.8,14.4,6.7,3.8,rain,1
87,1.3,10.6,7.2,5.9,rain,0
88,27.4,10.0,6.1,4.4,rain,3
89,5.6,9.4,5.0,4.7,rain,0
90,13.2,10.0,2.8,3.4,rain,4
91,1.5,8.9,4.4,6.8,rain,0
92,0.0,16.7,4.4,3.1,sun,1
93,1.5,11.7,3.3,3.1,rain,0
94,0.0,10.6,2.8,2.1,sun,0
95,4.6,9.4,2.8,1.8,snow,0
96,0.3,11.1,3.3,2.6,rain,0
97,0.0,16.1,1.7,4.3,sun,1
98,0.0,21.1,7.2,4.1,sun,1
99,0.0,20.0,6.1,2.1,sun,1
100,0.0,17.8,8.9,3.2,rain,1
101,2.3,11.1,7.2,2.6,rain,1
102,0.5,13.9,5.6,2.6,rain,1
103,0.0,15.0,3.9,4.0,drizzle,1
104,0.0,15.6,3.3,3.0,sun,1
105,0.0,16.1,7.2,2.9,rain,1
106,8.1,13.3,6.7,5.8,rain,4
107,1.8,10.0,4.4,2.0,rain,0
108,1.8,13.3,7.2,3.9,rain,1
109,10.9,13.9,5.0,2.6,rain,4
110,6.6,13.3,6.7,2.7,rain,1
111,0.0,20.0,4.4,2.3,sun,1
112,0.0,23.3,8.3,2.6,rain,2
113,0.0,21.7,8.9,3.5,sun,1
114,4.3,13.9,10.0,2.8,rain,1
115,10.7,16.7,8.9,2.6,rain,4
116,3.8,13.9,6.7,5.2,rain,1
117,0.8,13.3,6.1,4.8,rain,1
118,0.0,16.1,8.3,2.5,drizzle,1
119,4.3,15.6,8.9,1.6,rain,1
120,4.3,12.8,7.2,8.0,rain,1
121,0.5,11.7,6.1,6.4,rain,1
122,0.5,13.3,5.6,2.5,rain,1
123,18.5,11.1,7.2,3.4,rain,4
124,1.8,12.2,6.1,4.6,rain,1
125,0.0,13.3,5.0,2.3,sun,1
126,0.0,17.8,5.0,2.4,sun,1
127,0.0,23.9,6.1,2.2,sun,2
128,0.0,18.3,9.4,3.0,sun,1
129,0.0,13.3,6.7,3.9,rain,1
130,0.0,14.4,3.9,3.0,sun,1
131,0.0,18.3,4.4,4.3,sun,1
132,0.0,24.4,6.7,3.4,sun,2
133,0.0,25.6,9.4,4.2,sun,2
134,0.0,26.7,12.8,3.8,sun,2
135,0.0,24.4,9.4,4.1,drizzle,2
136,0.0,19.4,9.4,3.5,sun,1
137,0.0,17.8,6.7,2.9,rain,1
138,0.0,15.6,7.8,3.1,rain,1
139,0.0,19.4,7.2,1.5,sun,1
140,6.4,14.4,11.7,1.3,rain,1
141,14.0,16.7,10.0,4.0,rain,4
142,6.1,12.8,8.9,4.8,rain,1
143,0.3,14.4,8.9,6.3,rain,1
144,0.0,17.2,8.9,3.3,rain,1
145,0.0,22.2,8.9,3.1,rain,2
146,0.0,22.2,8.9,3.6,sun,2
147,0.0,17.2,11.7,3.7,sun,1
148,0.0,16.7,10.0,3.4,rain,1
149,0.0,16.1,7.8,1.8,sun,1
150,0.3,18.9,11.1,1.5,rain,1
151,3.8,17.8,12.2,2.7,rain,1
152,6.6,20.0,12.8,3.7,rain,1
153,0.3,18.9,10.6,3.7,rain,1
154,0.0,17.2,9.4,2.9,sun,1
155,1.3,12.8,8.9,3.1,rain,1
156,16.0,13.3,8.3,3.3,rain,4
157,0.0,16.1,6.1,3.4,sun,1
158,16.5,16.1,8.9,3.5,rain,4
159,1.5,15.0,8.3,3.0,rain,1
160,0.0,17.2,8.3,4.7,rain,1
161,0.0,18.9,10.0,2.9,sun,1
162,0.0,23.3,10.0,1.8,rain,2
163,0.8,18.3,12.8,3.9,rain,1
164,0.0,16.1,11.1,4.3,sun,1
165,0.0,17.2,10.0,2.7,sun,1
166,0.0,22.2,9.4,1.7,sun,2
167,0.0,21.1,15.0,4.1,rain,2
168,0.0,18.9,11.7,6.4,sun,1
169,3.0,17.2,10.0,3.8,rain,1
170,1.0,19.4,10.0,3.0,rain,1
171,0.0,24.4,10.0,3.0,sun,2
172,0.0,23.9,11.7,2.1,sun,2
173,15.7,13.9,11.7,1.9,rain,4
174,8.6,15.6,9.4,2.5,rain,4
175,0.0,19.4,9.4,2.0,drizzle,1
176,0.5,19.4,11.1,3.1,rain,1
177,0.0,18.3,10.6,3.4,rain,1
178,0.0,22.8,8.9,1.8,sun,2
179,0.0,22.2,11.7,2.5,rain,2
180,0.3,21.7,15.0,1.9,rain,2
181,3.0,20.0,13.3,2.4,rain,2
182,0.0,20.0,12.2,2.3,rain,1
183,2.0,18.9,11.7,2.1,rain,1
184,5.8,18.3,10.6,6.0,rain,1
185,0.0,20.6,9.4,3.8,sun,1
186,0.0,24.4,10.6,3.1,drizzle,2
187,0.0,25.0,11.1,2.1,sun,2
188,0.0,26.7,12.8,3.8,sun,2
189,0.0,28.3,14.4,2.8,rain,2
190,1.5,25.0,12.8,2.0,rain,2
191,0.0,23.9,11.1,2.3,drizzle,2
192,0.0,27.8,13.3,2.9,fog,2
193,0.0,25.6,13.3,2.7,drizzle,2
194,0.5,23.3,13.9,2.2,rain,2
195,0.0,25.0,15.0,2.2,rain,2
196,0.0,18.9,13.3,3.8,rain,1
197,0.3,26.1,13.3,2.5,rain,2
198,0.0,21.7,15.0,2.6,sun,2
199,0.0,21.1,14.4,2.9,sun,2
200,0.0,25.0,14.4,2.2,sun,2
201,15.2,19.4,13.9,4.0,rain,4
202,0.0,23.9,13.9,2.3,sun,2
203,1.0,20.6,12.2,3.9,rain,2
204,0.0,18.9,11.1,3.3,rain,1
205,0.0,23.3,12.2,4.3,sun,2
206,0.0,26.7,12.8,2.6,sun,2
207,0.0,25.6,12.8,2.2,drizzle,2
208,0.0,18.9,13.9,2.8,drizzle,1
209,0.0,22.2,13.3,1.7,drizzle,2
210,0.0,22.8,15.0,2.0,sun,2
211,0.0,19.4,13.3,3.0,sun,1
212,0.0,22.8,13.9,2.8,sun,2
213,0.0,23.9,13.3,2.2,drizzle,2
214,0.0,23.3,12.2,2.5,sun,2
215,0.0,27.2,12.8,3.9,sun,2
216,0.0,33.9,16.7,3.7,sun,2
217,0.0,33.9,17.8,1.9,sun,2
218,0.0,28.3,15.6,2.5,rain,2
219,0.0,21.1,15.0,2.6,drizzle,2
220,0.0,22.2,15.0,3.1,sun,2
221,0.0,24.4,14.4,3.8,drizzle,2
222,0.0,25.6,12.2,2.3,sun,2
223,0.0,28.3,13.3,2.5,sun,2
224,0.0,30.6,15.0,3.0,sun,2
225,0.0,30.6,15.0,2.8,sun,2
226,0.0,28.9,13.9,2.8,sun,2
227,0.0,31.1,16.7,4.7,sun,2
228,0.0,34.4,18.3,2.8,sun,2
229,0.0,32.8,16.1,1.8,sun,2
230,0.0,21.7,14.4,3.0,drizzle,2
231,0.0,23.3,15.0,2.7,drizzle,2
232,0.0,25.6,15.0,1.9,sun,2
233,0.0,23.3,13.3,3.0,rain,2
234,0.0,22.2,13.3,2.3,sun,2
235,0.0,21.1,13.9,3.8,sun,2
236,0.0,22.2,10.0,3.3,sun,2
237,0.0,26.1,11.7,3.2,sun,2
238,0.0,21.1,12.2,3.4,sun,2
239,0.0,23.9,13.3,1.8,sun,2
240,0.0,22.8,12.2,3.2,sun,2
241,0.0,22.8,13.3,2.4,sun,2
242,0.0,22.8,12.8,1.9,sun,2
243,0.0,22.2,10.6,2.9,sun,2
244,0.0,21.7,10.6,2.1,sun,2
245,0.0,21.1,10.0,2.0,sun,1
246,0.0,22.8,12.8,3.3,sun,2
247,0.0,24.4,11.1,3.1,sun,2
248,0.0,26.1,11.7,2.6,sun,2
249,0.0,28.3,14.4,4.2,sun,2
250,0.0,32.2,13.3,3.1,sun,2
251,0.0,25.0,13.3,3.0,sun,2
252,0.3,18.9,13.9,5.0,rain,1
253,0.3,20.0,11.7,3.9,rain,1
254,0.0,20.0,8.9,4.2,sun,1
255,0.0,22.2,10.0,5.6,sun,2
256,0.0,27.8,11.7,3.6,sun,2
257,0.0,26.1,11.1,1.5,sun,2
258,0.0,22.2,11.1,1.9,sun,2
259,0.0,24.4,9.4,2.3,sun,2
260,0.0,27.8,11.7,2.2,fog,2
261,0.0,27.8,11.7,1.4,sun,2
262,0.0,23.9,11.7,1.9,drizzle,2
263,0.0,19.4,10.0,2.5,drizzle,1
264,0.0,16.1,12.8,2.1,drizzle,1
265,0.3,19.4,11.7,1.1,rain,1
266,0.0,19.4,10.0,1.4,fog,1
267,0.0,21.1,10.0,1.8,fog,1
268,0.0,19.4,11.1,1.7,sun,1
269,0.0,19.4,9.4,1.7,drizzle,1
270,0.0,22.8,10.0,1.7,drizzle,2
271,0.0,25.0,12.2,1.1,rain,2
272,0.0,20.6,12.2,4.3,sun,2
273,0.0,21.1,7.8,3.1,sun,1
274,0.0,23.3,8.9,3.0,sun,2
275,0.0,17.8,10.0,4.1,sun,1
276,0.0,18.9,7.8,7.3,sun,1
277,0.0,18.9,8.3,6.5,sun,1
278,0.0,21.7,8.9,5.7,sun,1
279,0.0,23.9,7.8,5.1,sun,2
280,0.0,23.9,7.8,1.3,sun,2
281,0.0,21.1,7.8,1.9,sun,1
282,0.0,16.1,8.9,1.6,drizzle,1
283,0.0,12.2,8.3,1.4,drizzle,1
284,0.0,13.9,7.2,1.3,drizzle,1
285,2.0,13.9,8.9,4.6,rain,1
286,4.8,15.6,12.2,3.9,rain,1
287,16.5,17.8,13.3,3.4,rain,4
288,7.9,17.2,11.1,4.6,rain,1
289,0.0,16.1,8.3,5.5,sun,1
290,0.0,14.4,6.1,1.6,sun,1
291,20.8,17.8,6.7,2.0,rain,4
292,4.8,15.0,9.4,5.3,rain,1
293,0.5,11.1,6.1,5.7,rain,0
294,6.4,11.7,4.4,2.7,rain,0
295,8.9,7.8,3.3,2.6,rain,4
296,0.0,11.1,5.6,3.0,rain,0
297,7.1,11.7,6.1,2.1,rain,4
298,0.0,11.7,6.7,1.5,sun,1
299,1.5,11.1,7.2,2.5,rain,1
300,23.1,14.4,9.4,5.1,rain,4
301,6.1,14.4,10.0,3.8,rain,1
302,10.9,15.6,10.0,4.9,rain,4
303,34.5,15.0,12.2,2.8,rain,3
304,14.5,15.6,11.1,2.7,rain,4
305,9.7,15.0,10.6,3.0,rain,4
306,5.6,15.0,10.6,1.0,rain,1
307,0.5,15.6,11.1,3.6,rain,1
308,8.1,17.8,12.8,3.8,rain,1
309,0.8,15.0,7.8,4.0,rain,1
310,0.3,12.8,6.7,3.5,rain,1
311,0.0,12.2,3.9,3.4,rain,0
312,0.0,10.0,1.1,3.4,rain,0
313,0.0,8.9,1.1,2.0,rain,0
314,0.0,7.8,-0.6,2.2,sun,0
315,15.2,8.9,1.1,3.0,rain,4
316,3.6,12.8,6.1,3.0,rain,1
317,5.3,11.1,7.8,2.5,rain,1
318,0.8,11.1,5.0,2.6,rain,0
319,0.0,9.4,2.8,2.4,drizzle,0
320,5.6,9.4,2.2,1.6,rain,0
321,6.1,12.2,6.1,5.3,rain,1
322,7.9,10.0,6.1,4.9,rain,4
323,54.1,13.3,8.3,6.0,rain,3
324,3.8,11.1,7.2,4.2,rain,1
325,11.2,8.3,3.9,5.5,rain,4
326,0.0,8.9,2.8,1.5,rain,0
327,32.0,9.4,6.1,2.4,rain,3
328,0.0,8.9,3.9,1.2,rain,0
329,0.0,8.3,1.1,3.6,drizzle,0
330,0.0,9.4,1.7,3.8,fog,0
331,0.0,10.0,1.7,1.5,sun,0
332,2.8,9.4,2.2,2.9,rain,0
333,1.5,12.8,7.8,4.2,rain,1
334,35.6,15.0,7.8,4.6,rain,3
335,4.1,13.3,8.3,5.5,rain,1
336,19.6,8.3,7.2,6.2,rain,4
337,13.0,9.4,7.2,4.4,rain,4
338,14.2,11.7,7.2,6.2,rain,4
339,1.5,8.9,4.4,5.0,rain,0
340,1.5,7.2,6.1,5.1,rain,0
341,1.0,7.8,3.3,4.6,rain,0
342,0.0,6.7,3.3,2.0,sun,0
343,1.5,6.7,2.8,2.1,rain,0
344,0.5,7.2,5.6,1.8,rain,0
345,3.0,7.8,5.6,4.5,rain,0
346,8.1,6.7,4.4,2.0,rain,0
347,2.3,7.2,3.3,2.8,rain,0
348,7.9,6.1,1.1,1.7,rain,0
349,5.3,4.4,0.6,5.1,snow,0
350,22.6,6.7,3.3,5.5,snow,4
351,2.0,8.3,1.7,9.5,rain,0
352,3.3,3.9,0.6,5.3,snow,0
353,13.7,8.3,1.7,5.8,snow,4
354,13.2,7.2,0.6,3.7,rain,4
355,1.8,8.3,-1.7,1.7,rain,0
356,3.3,8.3,3.9,3.5,rain,0
357,6.6,7.2,3.3,2.5,rain,0
358,0.3,5.6,2.8,2.8,rain,0
359,13.5,5.6,2.8,4.2,snow,4
360,4.6,6.7,3.3,4.9,rain,0
361,4.1,7.8,3.3,3.2,rain,0
362,0.0,8.3,3.9,1.7,rain,0
363,1.5,5.0,3.3,1.7,rain,0
364,0.0,4.4,0.0,1.8,drizzle,0
365,0.0,3.3,-1.1,2.0,drizzle,0
366,0.0,5.0,-2.8,2.7,sun,0
367,0.0,6.1,-1.1,3.2,sun,0
368,4.1,6.7,-1.7,3.0,rain,0
369,2.5,10.0,2.2,2.8,rain,0
370,3.0,6.7,4.4,3.1,rain,0
371,2.0,7.2,2.8,3.0,rain,0
372,2.3,10.0,4.4,7.3,rain,0
373,16.3,11.7,5.6,6.3,rain,4
374,38.4,10.0,1.7,5.1,rain,3
375,0.3,3.3,-0.6,2.1,snow,0
376,0.0,2.8,-2.8,1.9,drizzle,0
377,0.0,2.8,-3.9,2.0,sun,0
378,0.0,2.2,-4.4,1.5,sun,0
379,0.0,3.3,-2.2,1.3,sun,0
380,0.0,6.7,-0.6,2.3,sun,0
381,0.0,6.1,-3.9,1.8,drizzle,0
382,0.0,3.9,-2.8,1.0,drizzle,0
383,0.0,3.3,-1.1,1.3,drizzle,0
384,0.0,1.1,-0.6,1.9,drizzle,0
385,0.0,3.3,-0.6,2.1,drizzle,0
386,0.0,2.2,-1.7,1.1,drizzle,0
387,0.0,3.3,-1.7,0.6,drizzle,0
388,5.1,7.2,2.2,3.1,rain,0
389,5.8,7.2,1.1,2.6,rain,0
390,3.0,10.6,2.8,2.1,rain,0
391,2.3,8.3,3.9,4.5,rain,0
392,1.8,5.6,3.9,4.5,rain,0
393,7.9,6.1,3.3,3.2,rain,0
394,4.3,8.3,5.0,3.9,rain,0
395,3.6,8.9,6.7,3.9,rain,0
396,3.0,9.4,7.2,4.0,rain,0
397,0.3,11.7,5.0,2.9,rain,0
398,0.0,6.1,2.8,2.0,drizzle,0
399,2.3,8.9,2.8,2.9,rain,0
400,0.0,10.6,6.7,2.6,rain,0
401,3.3,10.0,6.7,5.1,rain,0
402,1.0,10.6,6.1,4.5,rain,0
403,1.3,9.4,3.3,4.1,rain,0
404,0.0,7.8,2.2,1.3,sun,0
405,0.3,8.3,4.4,1.3,rain,0
406,0.0,8.9,1.7,2.0,drizzle,0
407,0.3,8.3,4.4,1.4,rain,0
408,1.0,11.1,7.2,5.6,rain,1
409,2.3,9.4,7.2,4.1,rain,0
410,1.0,9.4,5.6,2.2,rain,0
411,0.0,13.3,5.0,2.4,drizzle,1
412,0.0,11.1,3.9,5.6,rain,0
413,0.0,9.4,4.4,3.4,rain,0
414,0.0,7.8,3.9,1.9,rain,0
415,0.0,10.6,1.7,3.4,sun,0
416,1.5,7.8,1.1,2.1,rain,0
417,0.5,6.7,3.9,6.2,rain,0
418,9.4,7.8,3.9,8.1,rain,4
419,0.3,10.0,3.9,4.6,rain,0
420,0.0,8.9,5.0,5.5,rain,0
421,2.3,10.6,3.3,7.1,rain,0
422,0.5,8.9,3.9,3.8,rain,0
423,4.6,10.0,4.4,1.8,rain,0
424,8.1,11.7,6.7,3.8,rain,4
425,4.1,15.0,11.1,5.4,rain,1
426,0.8,13.9,5.0,4.5,rain,1
427,0.0,11.1,2.2,2.8,sun,0
428,0.0,13.3,0.0,3.9,sun,0
429,0.0,9.4,6.1,2.4,rain,0
430,11.9,7.2,5.0,4.1,rain,4
431,7.4,12.2,5.0,2.5,rain,4
432,0.0,11.7,2.2,2.6,drizzle,0
433,0.0,12.8,1.1,1.3,fog,0
434,0.8,7.8,3.9,1.6,rain,0
435,1.3,10.6,6.1,1.1,rain,0
436,2.0,12.8,10.0,5.7,rain,1
437,2.3,11.7,9.4,3.7,rain,1
438,2.8,11.7,9.4,3.0,rain,1
439,0.0,14.4,8.9,4.3,rain,1
440,4.3,10.6,4.4,6.4,rain,0
441,0.0,8.9,3.9,6.1,sun,0
442,0.0,11.7,3.9,5.9,rain,0
443,11.7,12.8,1.7,3.4,rain,4
444,9.9,11.1,4.4,7.6,rain,4
445,8.1,10.0,2.2,4.9,snow,0
446,0.0,9.4,0.6,2.2,sun,0
447,0.0,10.0,1.1,2.6,sun,0
448,0.0,12.2,0.6,2.1,sun,0
449,0.0,16.7,4.4,2.8,sun,1
450,0.0,16.7,6.1,1.7,sun,1
451,0.3,13.3,7.2,1.6,rain,1
452,2.0,16.1,8.3,1.3,rain,1
453,0.0,18.3,7.8,2.5,rain,1
454,0.0,20.0,5.6,4.4,drizzle,1
455,0.0,20.6,6.7,2.9,sun,1
456,0.0,17.2,8.3,3.6,sun,1
457,0.0,13.9,8.9,2.2,sun,1
458,0.0,16.7,7.8,1.6,sun,1
459,8.4,14.4,10.0,3.0,rain,4
460,18.5,13.9,10.0,5.6,rain,4
461,12.7,12.2,7.2,5.0,rain,4
462,39.1,8.3,5.0,3.9,rain,3
463,0.8,13.3,6.1,3.1,rain,1
464,0.0,12.2,6.1,2.4,sun,1
465,9.4,15.0,8.9,6.4,rain,4
466,1.5,12.2,6.7,3.8,rain,1
467,9.7,7.8,4.4,4.6,rain,4
468,9.4,10.6,3.3,5.7,rain,4
469,5.8,12.8,4.4,2.3,rain,0
470,0.0,13.9,4.4,2.4,fog,1
471,0.3,13.9,3.3,2.6,rain,1
472,0.0,15.0,3.9,3.3,drizzle,1
473,5.3,11.7,6.7,4.0,rain,1
474,20.6,13.3,9.4,4.9,rain,4
475,0.0,13.9,8.3,5.8,sun,1
476,3.3,12.2,6.7,4.1,rain,1
477,0.0,16.1,5.0,4.3,sun,1
478,0.0,17.8,3.9,2.8,sun,1
479,0.0,21.1,6.1,3.0,sun,1
480,0.0,21.7,6.7,1.1,sun,1
481,0.0,20.6,8.3,2.2,fog,1
482,0.0,13.9,10.6,5.9,sun,1
483,1.0,15.0,9.4,5.2,rain,1
484,3.8,13.9,6.7,4.2,rain,1
485,0.0,12.8,4.4,2.4,sun,0
486,0.0,18.3,3.3,3.1,sun,1
487,0.0,20.6,6.7,4.0,sun,1
488,0.0,21.7,9.4,4.9,sun,1
489,0.0,25.0,11.1,6.5,sun,2
490,0.0,28.9,11.7,5.3,sun,2
491,0.0,30.6,12.2,2.0,sun,2
492,0.0,20.6,11.1,3.3,sun,1
493,0.0,19.4,11.1,1.9,sun,1
494,0.0,22.8,10.0,1.3,sun,2
495,0.0,26.1,9.4,1.0,sun,2
496,0.0,27.2,12.2,2.6,sun,2
497,6.6,21.7,13.9,3.9,rain,2
498,3.3,18.9,9.4,5.0,rain,1
499,0.0,18.3,7.8,2.4,sun,1
500,1.0,17.2,8.9,2.3,rain,1
501,0.0,21.7,12.2,2.7,fog,2
502,0.5,17.2,11.7,3.7,rain,1
503,0.0,16.7,11.1,2.9,sun,1
504,0.0,18.3,10.6,2.3,sun,1
505,0.0,19.4,9.4,1.8,sun,1
506,13.7,15.6,8.3,4.8,rain,4
507,13.7,11.1,7.2,3.0,rain,4
508,4.1,12.2,6.7,1.9,rain,1
509,0.3,16.7,8.9,2.7,rain,1
510,0.0,17.8,10.0,2.7,sun,1
511,1.5,18.3,10.6,2.2,rain,1
512,9.7,16.7,11.1,3.1,rain,4
513,0.5,17.2,11.7,2.8,rain,1
514,5.6,16.1,9.4,4.0,rain,1
515,0.0,16.7,9.4,5.3,sun,1
516,0.0,19.4,11.1,2.5,sun,1
517,0.0,22.8,12.2,2.5,sun,2
518,1.0,20.6,12.2,3.1,rain,2
519,0.0,22.2,11.1,2.9,sun,2
520,0.0,26.1,12.2,3.4,sun,2
521,0.0,26.7,14.4,3.1,sun,2
522,0.0,26.7,12.2,2.5,sun,2
523,0.0,21.7,13.3,3.2,sun,2
524,0.0,20.6,12.8,3.1,sun,2
525,0.0,20.6,11.1,3.7,sun,1
526,0.0,21.7,11.7,3.2,sun,2
527,0.0,20.0,10.0,5.7,sun,1
528,0.3,20.6,11.7,4.2,rain,2
529,0.0,21.1,11.7,2.6,sun,2
530,0.0,20.0,12.2,3.7,sun,1
531,0.0,25.6,10.0,2.9,sun,2
532,0.0,23.9,12.8,3.4,sun,2
533,0.0,25.6,13.9,3.0,sun,2
534,0.3,23.3,13.3,3.4,rain,2
535,0.0,20.0,12.8,3.7,sun,2
536,3.0,17.2,12.8,5.0,rain,1
537,0.3,20.6,12.2,1.5,rain,2
538,0.0,25.6,11.7,1.7,sun,2
539,7.9,22.2,15.0,2.1,rain,2
540,4.8,21.1,13.9,3.7,rain,2
541,9.9,23.3,14.4,2.8,rain,2
542,2.0,22.2,15.0,2.3,rain,2
543,3.6,21.1,16.7,1.3,rain,2
544,0.0,30.6,16.1,2.2,sun,2
545,0.0,30.0,18.3,1.7,sun,2
546,0.0,33.9,17.2,2.5,sun,2
547,0.0,31.7,18.3,2.3,sun,2
548,0.0,28.3,15.6,3.0,sun,2
549,0.0,26.1,16.7,3.2,sun,2
550,0.0,21.7,13.9,2.2,fog,2
551,0.0,23.3,13.9,2.6,sun,2
552,0.0,26.1,13.3,2.2,sun,2
553,0.0,23.9,13.9,2.9,sun,2
554,0.0,26.7,13.3,2.8,sun,2
555,0.0,30.0,15.0,2.5,sun,2
556,0.0,22.2,13.9,2.6,sun,2
557,0.0,22.8,12.2,3.0,sun,2
558,0.0,19.4,13.3,2.2,sun,1
559,0.0,26.1,11.1,3.1,sun,2
560,0.0,27.8,12.8,3.0,sun,2
561,0.0,27.8,14.4,4.6,sun,2
562,0.0,31.1,18.3,4.1,sun,2
563,0.0,22.2,15.0,3.7,sun,2
564,0.0,26.1,13.9,2.0,sun,2
565,0.0,27.8,13.3,1.9,sun,2
566,0.0,25.0,13.3,2.0,sun,2
567,0.0,23.9,12.8,2.3,sun,2
568,0.0,26.1,13.3,2.4,fog,2
569,0.0,31.1,13.9,3.0,sun,2
570,0.0,31.1,14.4,2.5,sun,2
571,0.0,31.1,12.8,2.3,sun,2
572,0.0,31.1,14.4,2.9,sun,2
573,0.0,25.6,12.8,2.6,sun,2
574,0.0,21.1,12.2,3.4,fog,2
575,0.0,25.0,13.3,1.4,sun,2
576,0.0,25.0,13.3,2.8,sun,2
577,0.0,21.7,13.3,1.8,sun,2
578,0.0,20.6,13.3,3.9,sun,2
579,2.0,17.2,15.0,2.0,rain,1
580,0.0,25.0,15.6,2.4,fog,2
581,0.0,28.9,15.0,3.4,sun,2
582,0.0,30.0,15.0,2.1,sun,2
583,0.0,30.6,13.9,1.4,sun,2
584,0.0,31.1,13.9,1.9,sun,2
585,0.0,28.3,14.4,2.5,sun,2
586,0.0,28.3,14.4,2.1,sun,2
587,2.3,25.6,15.0,2.9,rain,2
588,0.0,25.0,14.4,2.9,sun,2
589,0.0,25.6,16.1,1.9,sun,2
590,0.0,27.8,15.0,1.8,sun,2
591,0.8,27.2,15.0,2.0,rain,2
592,1.8,21.1,17.2,1.0,rain,2
593,0.0,28.9,16.1,2.2,fog,2
594,0.0,25.6,17.2,3.0,sun,2
595,0.0,26.1,15.6,3.1,sun,2
596,0.0,26.7,15.6,3.0,sun,2
597,0.0,25.6,16.1,4.6,sun,2
598,0.0,27.8,15.0,4.3,sun,2
599,0.0,28.9,15.0,1.9,sun,2
600,0.0,25.0,16.1,4.1,sun,2
601,0.0,25.0,16.7,2.7,sun,2
602,0.3,22.2,16.1,2.6,rain,2
603,1.0,24.4,16.1,1.9,rain,2
604,1.3,26.7,17.2,1.4,rain,2
605,5.6,26.7,15.6,1.3,rain,2
606,19.3,23.9,18.3,3.0,rain,4
607,0.0,26.1,16.1,2.9,sun,2
608,0.0,27.8,13.9,2.6,sun,2
609,0.0,27.8,15.6,2.5,sun,2
610,0.0,27.8,17.2,2.1,sun,2
611,2.3,25.0,16.7,1.7,rain,2
612,0.3,22.8,16.1,2.4,rain,2
613,27.7,20.0,15.6,2.5,rain,3
614,21.3,21.7,16.1,2.6,rain,4
615,0.0,23.3,17.2,2.0,sun,2
616,0.0,26.7,14.4,1.5,fog,2
617,0.0,26.1,13.9,2.1,sun,2
618,0.0,26.7,15.0,3.7,sun,2
619,0.0,33.9,16.1,2.4,sun,2
620,0.0,25.6,15.0,1.7,sun,2
621,0.0,18.9,15.6,2.0,sun,2
622,0.0,21.7,15.6,1.4,fog,2
623,3.3,18.9,14.4,2.2,rain,1
624,0.3,21.7,15.0,4.3,rain,2
625,0.0,17.8,13.9,2.3,sun,1
626,0.0,21.1,13.3,2.5,sun,2
627,0.0,25.6,10.0,1.5,sun,2
628,3.6,23.3,13.3,3.0,rain,2
629,0.0,21.1,13.3,2.5,sun,2
630,13.5,17.2,13.3,5.5,rain,4
631,2.8,16.1,11.1,4.5,rain,1
632,0.0,17.8,10.0,2.6,sun,1
633,2.0,16.1,9.4,3.0,rain,1
634,0.0,17.2,7.2,2.2,sun,1
635,1.0,13.9,10.6,4.3,rain,1
636,43.4,16.7,11.7,6.0,rain,3
637,16.8,14.4,11.1,7.1,rain,4
638,18.5,13.9,10.0,6.3,rain,4
639,7.9,14.4,8.9,4.7,rain,4
640,5.3,12.8,9.4,2.4,rain,1
641,0.8,14.4,8.9,0.9,rain,1
642,0.0,17.8,5.6,1.1,sun,1
643,0.0,20.0,8.3,1.6,sun,1
644,4.1,22.8,7.8,2.6,rain,1
645,0.5,16.1,11.7,6.3,rain,1
646,6.9,13.9,7.8,3.0,rain,1
647,0.0,15.0,5.6,1.6,sun,1
648,1.0,14.4,8.3,1.7,rain,1
649,9.1,13.9,10.6,1.0,rain,4
650,1.0,14.4,8.9,2.2,rain,1
651,0.0,15.0,6.7,1.8,fog,1
652,0.0,15.6,3.9,1.6,sun,1
653,0.0,15.6,5.0,0.9,sun,1
654,0.0,12.8,8.9,2.7,fog,1
655,0.0,14.4,8.9,1.7,fog,1
656,0.0,12.8,7.2,1.2,sun,1
657,0.0,10.6,7.8,1.4,sun,1
658,0.0,10.6,7.8,2.4,sun,1
659,0.0,11.7,8.3,2.5,sun,1
660,0.0,14.4,7.2,1.9,sun,1
661,0.0,12.8,6.1,0.4,sun,1
662,0.0,10.0,6.1,0.6,sun,0
663,0.0,12.2,7.8,1.8,sun,1
664,0.0,11.7,8.3,2.7,sun,1
665,1.8,13.9,8.3,4.4,rain,1
666,0.0,14.4,7.2,5.1,sun,1
667,0.0,13.3,3.3,2.2,sun,0
668,0.5,15.0,5.6,3.9,rain,1
669,0.3,14.4,10.6,2.2,rain,1
670,1.3,17.8,11.7,1.4,rain,1
671,12.7,14.4,8.3,7.9,rain,4
672,0.5,12.2,4.4,2.4,rain,0
673,0.0,10.6,3.9,1.6,drizzle,0
674,2.5,13.3,7.2,3.1,rain,1
675,3.8,12.8,7.8,1.7,rain,1
676,30.0,11.1,10.0,7.2,rain,3
677,0.0,13.3,7.2,4.1,sun,1
678,1.8,11.1,5.0,1.4,rain,0
679,0.0,11.1,8.3,4.4,sun,1
680,0.0,16.1,6.1,2.6,fog,1
681,4.1,15.6,8.9,2.2,rain,1
682,0.0,13.9,10.6,3.8,sun,1
683,1.3,11.1,6.1,1.1,rain,0
684,3.0,10.6,7.2,6.0,rain,0
685,0.0,10.0,5.0,4.6,sun,0
686,5.3,11.7,7.2,5.4,rain,1
687,26.2,12.8,9.4,3.9,rain,3
688,1.0,13.3,4.4,5.1,rain,1
689,0.0,7.8,1.7,4.3,sun,0
690,0.0,7.8,-0.5,3.6,sun,0
691,0.0,9.4,0.0,4.6,sun,0
692,0.0,11.1,1.1,2.6,sun,0
693,0.0,11.7,0.6,0.9,fog,0
694,0.0,12.2,2.2,0.5,sun,0
695,0.0,12.2,2.8,1.0,sun,0
696,0.0,14.4,5.6,1.3,sun,1
697,0.0,11.7,3.3,0.7,sun,0
698,0.5,9.4,5.0,2.1,rain,0
699,2.3,11.1,7.2,3.9,rain,1
700,3.0,13.3,7.8,8.8,rain,1
701,4.6,7.8,1.7,3.5,rain,0
702,0.0,5.0,-0.5,5.6,sun,0
703,0.0,4.4,-2.1,1.6,sun,0
704,0.0,1.1,-4.9,2.6,sun,0
705,0.0,1.1,-4.3,4.7,sun,0
706,0.0,0.0,-7.1,3.1,sun,0
707,0.0,2.2,-6.6,2.2,sun,0
708,0.0,1.1,-4.9,1.3,sun,0
709,0.0,5.6,0.6,1.5,sun,0
710,0.0,5.0,-1.6,0.8,sun,0
711,6.9,5.6,-0.5,2.3,rain,0
712,0.5,9.4,5.6,2.9,rain,0
713,0.0,9.4,6.1,3.7,sun,0
714,1.3,11.7,8.3,3.9,rain,1
715,0.3,10.0,4.4,1.0,rain,0
716,0.0,8.3,4.4,2.7,sun,0
717,1.3,7.8,2.2,2.8,rain,0
718,0.0,5.0,0.0,2.1,sun,0
719,5.6,8.3,0.6,3.7,snow,0
720,5.6,8.9,5.6,2.3,rain,0
721,10.7,10.6,8.3,4.0,rain,4
722,1.5,11.7,6.1,5.9,rain,1
723,0.0,8.3,2.8,1.7,sun,0
724,0.0,6.7,1.7,0.8,sun,0
725,0.0,6.7,0.6,0.5,sun,0
726,0.3,8.9,0.0,2.1,rain,0
727,0.0,9.4,3.3,1.3,sun,0
728,0.0,7.2,1.7,1.1,sun,0
729,0.3,8.9,4.4,2.6,rain,0
730,0.5,8.3,5.0,1.7,rain,0
731,0.0,7.2,3.3,1.2,sun,0
732,4.1,10.6,6.1,3.2,rain,0
733,1.5,8.9,2.8,2.6,rain,0
734,0.0,7.8,0.6,2.7,fog,0
735,0.0,8.3,-0.5,3.7,sun,0
736,0.3,7.8,-0.5,2.6,rain,0
737,12.2,8.3,5.0,1.6,rain,4
738,9.7,10.0,7.2,4.6,rain,4
739,5.8,9.4,5.6,6.3,rain,0
740,4.3,12.8,8.3,7.0,rain,1
741,21.3,14.4,7.2,8.8,rain,4
742,1.5,11.1,5.6,8.1,rain,0
743,0.0,10.6,10.0,7.1,sun,1
744,0.0,11.1,7.2,1.3,sun,1
745,0.0,11.1,5.6,2.5,sun,0
746,0.0,6.7,4.4,2.7,sun,0
747,0.0,5.6,2.8,2.3,sun,0
748,0.0,9.4,0.6,2.2,sun,0
749,0.0,6.1,3.3,2.5,sun,0
750,0.0,10.0,2.8,2.2,sun,0
751,0.0,10.0,1.7,1.5,sun,0
752,0.5,9.4,5.6,2.6,rain,0
753,0.0,10.0,2.8,5.2,fog,0
754,0.0,12.8,1.1,1.9,sun,0
755,0.0,12.2,1.1,0.8,sun,0
756,0.0,8.3,0.6,1.3,sun,0
757,0.0,9.4,1.7,1.3,sun,0
758,8.9,11.1,6.1,1.6,rain,4
759,21.6,11.1,7.2,3.4,rain,4
760,0.0,8.3,6.1,6.4,sun,0
761,2.3,7.8,5.6,2.6,rain,0
762,2.0,7.8,2.8,0.8,rain,0
763,0.0,8.9,1.1,2.5,sun,0
764,0.0,5.0,0.0,4.3,sun,0
765,0.0,2.8,-2.1,4.7,sun,0
766,0.0,-0.5,-5.5,6.6,sun,0
767,0.0,-1.6,-6.0,4.5,sun,0
768,0.0,3.3,-4.9,4.2,sun,0
769,5.1,5.6,-0.5,4.6,snow,0
770,0.5,3.9,0.0,2.4,rain,0
771,18.3,10.0,2.2,4.7,rain,4
772,17.0,12.2,5.6,3.8,rain,4
773,4.6,12.2,7.2,6.4,rain,1
774,1.8,12.8,7.8,6.3,rain,1
775,9.4,11.7,6.1,6.4,rain,4
776,11.7,11.1,5.0,5.1,rain,4
777,26.4,9.4,3.9,7.9,rain,3
778,14.5,8.3,4.4,5.5,rain,4
779,15.2,8.9,5.0,6.2,rain,4
780,1.0,8.3,3.9,6.0,rain,0
781,3.0,10.0,5.6,6.9,rain,0
782,2.8,6.7,3.9,2.9,rain,0
783,2.5,5.6,2.8,3.1,rain,0
784,6.1,7.2,3.9,2.6,rain,0
785,13.0,6.7,3.3,3.2,rain,4
786,0.3,12.2,3.9,4.5,rain,0
787,0.0,13.9,5.6,2.5,sun,1
788,0.0,12.8,4.4,2.3,sun,0
789,0.0,14.4,4.4,5.9,sun,1
790,0.5,7.2,4.4,4.7,rain,0
791,19.1,11.1,2.8,5.7,rain,4
792,10.7,14.4,8.9,5.1,rain,4
793,16.5,13.9,7.8,3.9,rain,4
794,46.7,15.6,10.6,3.9,rain,3
795,3.0,13.3,10.0,6.2,rain,1
796,0.0,15.6,8.9,4.2,sun,1
797,32.3,12.8,6.7,2.7,rain,3
798,4.3,15.0,9.4,4.3,rain,1
799,18.8,12.2,6.1,2.2,rain,4
800,0.0,14.4,4.4,2.3,fog,1
801,0.0,16.1,3.3,1.9,fog,1
802,0.5,13.9,5.0,2.5,rain,1
803,6.9,14.4,8.3,6.1,rain,1
804,8.1,16.7,4.4,3.0,rain,4
805,27.7,10.6,4.4,3.8,rain,3
806,0.3,10.0,2.8,3.2,rain,0
807,0.0,10.0,3.3,1.6,sun,0
808,0.5,11.1,3.3,5.1,rain,0
809,0.0,11.1,1.7,3.0,sun,0
810,0.0,10.6,2.8,3.8,sun,0
811,0.0,11.1,1.1,1.8,sun,0
812,0.0,12.8,4.4,3.3,sun,0
813,0.0,18.9,2.8,2.2,sun,1
814,4.1,13.9,6.7,4.4,rain,1
815,3.6,11.1,5.6,2.4,rain,0
816,0.3,12.2,6.7,2.8,rain,1
817,22.1,11.7,7.2,3.9,rain,4
818,14.0,11.7,7.2,5.1,rain,4
819,0.0,11.1,5.0,5.1,sun,0
820,0.0,15.6,2.2,3.8,sun,1
821,0.0,14.4,6.7,2.8,sun,1
822,0.0,14.4,5.6,4.2,sun,1
823,2.5,13.3,6.1,3.9,rain,1
824,0.0,12.8,6.1,4.7,sun,1
825,4.6,11.7,7.8,4.3,rain,1
826,0.0,13.9,8.3,2.6,sun,1
827,0.0,21.1,9.4,2.5,sun,1
828,4.6,15.6,8.3,4.2,rain,1
829,0.0,14.4,6.7,2.9,sun,1
830,0.0,15.0,6.7,3.6,sun,1
831,0.0,17.2,5.0,2.8,sun,1
832,0.0,16.1,7.8,4.4,sun,1
833,0.0,20.6,5.6,3.1,sun,1
834,0.0,20.0,5.6,2.6,sun,1
835,0.5,14.4,7.8,4.0,rain,1
836,10.9,11.1,8.9,4.6,rain,4
837,18.5,11.7,7.2,4.7,rain,4
838,0.0,14.4,5.6,3.8,sun,1
839,13.7,11.7,5.6,4.7,rain,4
840,0.0,15.6,5.6,2.7,sun,1
841,5.1,17.2,7.8,2.5,rain,1
842,14.2,12.2,5.0,4.2,rain,4
843,8.9,11.7,6.1,5.0,rain,4
844,12.4,13.9,6.1,5.3,rain,4
845,0.0,14.4,5.6,2.3,sun,1
846,3.3,15.0,5.6,3.9,rain,1
847,6.9,11.1,6.1,5.8,rain,4
848,0.0,16.1,4.4,2.6,sun,1
849,0.0,25.0,9.4,2.3,sun,2
850,0.0,27.8,9.4,3.9,sun,2
851,0.0,29.4,11.1,3.0,sun,2
852,0.0,18.3,10.6,4.7,sun,1
853,33.3,15.0,8.9,3.4,rain,3
854,16.0,14.4,8.9,4.2,rain,4
855,5.1,15.6,9.4,3.8,rain,1
856,0.0,16.7,8.3,2.6,sun,1
857,0.0,18.3,7.2,1.7,sun,1
858,13.7,13.9,9.4,3.4,rain,4
859,2.0,13.3,7.2,5.6,rain,1
860,0.5,15.6,7.2,2.1,rain,1
861,0.0,18.9,8.3,1.7,sun,1
862,0.0,24.4,9.4,2.7,sun,2
863,0.0,26.7,12.8,3.8,sun,2
864,0.0,27.8,13.3,3.3,sun,2
865,0.0,26.7,12.8,3.0,sun,2
866,0.0,20.0,11.7,4.1,sun,1
867,0.0,20.0,11.7,3.2,sun,1
868,0.0,20.0,10.6,3.2,sun,1
869,0.0,21.1,10.0,2.2,sun,1
870,0.0,22.2,10.0,2.7,sun,2
871,0.0,20.0,10.6,1.7,sun,1
872,0.0,24.4,11.7,2.5,sun,2
873,3.8,20.0,12.8,4.0,rain,1
874,0.0,18.3,11.1,2.4,sun,1
875,5.6,15.0,10.6,1.4,rain,1
876,0.0,18.3,11.1,4.5,sun,1
877,0.0,20.0,10.0,2.5,sun,1
878,0.0,18.9,10.0,3.4,sun,1
879,0.0,18.9,11.1,4.3,sun,1
880,0.0,20.6,8.9,4.5,sun,1
881,0.0,23.3,10.0,2.2,sun,2
882,0.0,22.2,10.6,2.3,sun,2
883,0.0,23.3,11.1,2.4,sun,2
884,0.0,18.3,11.1,3.2,sun,1
885,0.0,19.4,10.0,2.6,sun,1
886,0.0,22.2,10.0,2.4,sun,2
887,0.0,25.0,10.6,3.2,sun,2
888,0.0,24.4,13.3,3.1,sun,2
889,0.0,23.3,12.2,2.1,sun,2
890,0.0,21.1,13.3,3.6,sun,2
891,0.0,20.0,12.2,2.9,sun,1
892,0.0,23.9,11.1,2.7,sun,2
893,1.8,21.7,12.2,4.0,rain,2
894,6.4,15.6,11.1,5.0,rain,1
895,0.0,17.8,11.7,3.2,sun,1
896,0.5,18.3,10.0,3.6,rain,1
897,3.6,17.8,8.9,2.4,rain,1
898,1.3,17.8,10.0,3.0,rain,1
899,0.0,18.9,11.1,2.7,sun,1
900,0.8,25.6,11.7,3.7,rain,2
901,0.3,20.0,10.0,3.4,rain,1
902,0.0,22.2,10.6,3.6,sun,2
903,0.0,25.0,11.1,2.7,sun,2
904,0.0,25.0,13.3,2.5,sun,2
905,0.0,24.4,14.4,2.5,sun,2
906,0.0,26.1,13.9,2.4,sun,2
907,0.0,21.1,14.4,4.1,sun,2
908,1.8,21.1,13.9,4.5,rain,2
909,2.3,20.0,13.3,4.3,rain,2
910,0.0,20.6,12.8,3.2,sun,2
911,0.0,25.6,12.8,4.4,sun,2
912,0.0,34.4,15.6,3.5,sun,2
913,0.0,27.2,14.4,3.6,sun,2
914,0.0,21.7,13.9,3.1,sun,2
915,0.0,23.9,13.9,3.6,sun,2
916,0.0,24.4,13.3,2.2,fog,2
917,0.0,28.9,15.0,3.0,sun,2
918,0.0,27.2,17.8,4.1,fog,2
919,0.0,30.0,15.6,3.5,sun,2
920,0.0,26.7,13.9,2.3,sun,2
921,0.0,28.9,12.8,2.2,fog,2
922,0.0,31.1,15.0,2.2,sun,2
923,0.0,32.2,16.7,2.2,sun,2
924,0.0,29.4,15.0,2.6,sun,2
925,0.0,27.8,15.0,2.8,sun,2
926,0.0,31.1,13.9,2.3,sun,2
927,0.0,31.1,14.4,2.4,sun,2
928,0.0,26.7,13.9,3.7,sun,2
929,0.0,23.9,11.7,2.8,sun,2
930,0.0,25.6,15.0,5.4,fog,2
931,0.0,19.4,14.4,2.8,sun,2
932,0.0,23.9,13.3,2.2,sun,2
933,0.3,21.1,13.3,1.1,rain,2
934,19.3,18.9,13.3,3.3,rain,4
935,0.0,20.6,12.8,4.7,sun,2
936,0.0,22.8,12.2,2.7,sun,2
937,0.0,26.1,13.3,3.6,sun,2
938,0.0,28.3,15.0,4.1,sun,2
939,0.0,30.6,15.0,3.7,sun,2
940,0.0,30.0,15.6,2.8,sun,2
941,0.0,29.4,14.4,3.4,sun,2
942,0.0,30.6,17.8,4.1,sun,2
943,0.0,28.9,15.0,3.3,sun,2
944,0.5,29.4,15.6,1.7,rain,2
945,0.0,31.7,14.4,2.6,sun,2
946,0.0,32.8,16.1,2.6,sun,2
947,0.0,25.0,13.9,2.7,sun,2
948,0.0,26.1,15.0,2.2,fog,2
949,0.0,25.6,13.3,2.4,fog,2
950,0.0,25.6,13.3,2.9,sun,2
951,0.0,27.2,15.6,4.1,sun,2
952,0.0,30.6,13.9,3.4,sun,2
953,0.5,35.6,17.8,2.6,rain,2
954,12.7,27.2,17.2,3.1,rain,2
955,21.6,23.3,15.0,2.7,rain,4
956,0.0,21.1,17.2,0.6,sun,2
957,1.0,24.4,16.7,1.5,rain,2
958,0.0,25.6,15.6,2.2,sun,2
959,0.0,27.8,15.0,2.8,sun,2
960,0.0,29.4,15.6,3.3,sun,2
961,0.0,27.2,15.6,2.4,sun,2
962,0.0,21.7,13.9,3.6,sun,2
963,0.0,21.1,11.1,1.7,sun,2
964,0.0,23.9,13.3,2.9,sun,2
965,0.0,27.8,13.9,2.0,sun,2
966,0.0,25.0,13.3,2.3,sun,2
967,0.0,28.9,14.4,2.0,sun,2
968,0.0,31.1,15.6,1.8,sun,2
969,0.0,28.9,16.1,1.6,sun,2
970,0.0,23.3,14.4,2.3,sun,2
971,0.0,22.8,15.0,3.4,sun,2
972,8.4,17.8,15.0,2.2,rain,1
973,1.3,21.1,13.9,1.9,rain,2
974,0.0,23.3,12.8,2.5,sun,2
975,3.0,20.0,13.9,4.3,rain,2
976,0.0,20.6,12.8,2.7,sun,2
977,0.0,23.9,11.1,3.1,fog,2
978,0.0,27.8,13.9,6.5,fog,2
979,0.0,32.2,15.0,2.9,sun,2
980,0.0,28.3,13.3,2.1,sun,2
981,0.0,21.1,13.3,2.8,sun,2
982,0.0,21.7,13.3,2.3,sun,2
983,0.0,22.2,12.2,3.9,sun,2
984,0.0,24.4,12.8,5.3,sun,2
985,0.0,24.4,12.8,5.9,sun,2
986,0.0,28.3,10.0,4.2,sun,2
987,0.0,30.0,11.7,1.8,sun,2
988,0.0,30.6,12.2,1.2,sun,2
989,0.0,22.2,13.9,2.8,sun,2
990,0.5,22.8,14.4,2.3,rain,2
991,0.3,19.4,15.0,3.1,rain,2
992,0.0,23.9,16.1,2.8,sun,2
993,0.0,24.4,14.4,4.4,fog,2
994,0.0,26.1,12.8,3.0,sun,2
995,0.3,22.2,15.0,2.1,rain,2
996,18.3,18.9,14.4,2.5,rain,4
997,20.3,18.9,14.4,2.7,rain,4
998,4.3,21.7,14.4,2.5,rain,2
999,8.9,20.0,13.9,3.3,rain,1
1000,0.0,20.6,11.7,3.2,fog,2
1001,0.0,18.9,12.2,2.0,fog,1
1002,0.8,16.7,11.1,3.5,rain,1
1003,0.0,19.4,12.2,2.6,sun,1
1004,0.0,18.3,11.1,2.1,sun,1
1005,0.0,19.4,10.0,2.0,sun,1
1006,0.0,22.2,8.9,1.0,sun,2
1007,0.0,21.7,12.2,1.2,sun,2
1008,0.0,23.9,11.7,1.4,fog,2
1009,0.0,25.6,13.3,2.5,fog,2
1010,0.0,18.9,13.9,1.0,fog,1
1011,0.0,20.6,12.8,1.8,fog,2
1012,0.0,17.2,11.1,1.0,fog,1
1013,0.3,18.3,10.0,3.8,rain,1
1014,7.4,18.3,11.7,3.5,rain,1
1015,0.0,17.8,11.7,2.1,sun,1
1016,7.6,21.1,10.0,3.1,rain,1
1017,7.1,16.7,11.7,2.2,rain,1
1018,8.6,16.1,11.7,4.7,rain,4
1019,0.0,20.6,11.1,3.3,sun,1
1020,3.3,16.7,11.7,3.0,rain,1
1021,15.0,19.4,13.9,1.9,rain,4
1022,0.0,22.2,12.8,3.2,sun,2
1023,11.7,16.1,12.2,3.1,rain,4
1024,1.0,16.1,11.7,4.7,rain,1
1025,32.0,15.6,11.7,5.0,rain,3
1026,9.4,14.4,8.3,4.6,rain,4
1027,4.1,14.4,8.9,3.2,rain,1
1028,6.1,16.7,8.3,5.4,rain,1
1029,1.5,12.8,7.8,5.0,rain,1
1030,0.8,15.6,6.7,2.4,rain,1
1031,12.7,15.0,9.4,3.9,rain,4
1032,0.5,16.7,11.7,3.1,rain,1
1033,25.4,15.6,11.1,3.2,rain,3
1034,17.0,12.8,8.3,2.0,rain,4
1035,0.0,11.1,7.2,1.2,fog,1
1036,1.8,13.3,7.2,2.9,rain,1
1037,10.9,13.9,11.1,4.8,rain,4
1038,4.1,14.4,10.6,3.3,rain,1
1039,4.8,15.0,10.6,2.1,rain,1
1040,4.1,16.7,10.6,6.7,rain,1
1041,0.0,14.4,7.2,2.3,sun,1
1042,0.0,12.8,3.9,0.8,fog,0
1043,5.1,13.3,7.8,3.0,rain,1
1044,0.0,11.1,5.6,3.9,sun,0
1045,0.0,7.8,1.1,7.7,sun,0
1046,0.0,6.7,0.0,7.6,sun,0
1047,0.0,7.2,0.6,4.7,sun,0
1048,0.0,7.2,-2.1,4.5,sun,0
1049,0.0,8.3,-1.6,4.2,sun,0
1050,0.0,9.4,-2.1,4.2,sun,0
1051,0.0,10.6,-2.1,1.9,sun,0
1052,0.0,7.2,-0.5,0.9,sun,0
1053,0.0,11.1,2.2,1.9,sun,0
1054,3.6,11.1,5.6,2.1,rain,0
1055,15.2,11.1,8.3,4.7,rain,4
1056,0.5,9.4,6.7,4.7,rain,0
1057,11.9,12.8,5.6,5.1,rain,4
1058,1.3,11.7,4.4,3.8,rain,0
1059,18.3,13.9,9.4,4.5,rain,4
1060,0.3,15.0,12.2,3.9,rain,1
1061,3.3,14.4,11.7,6.6,rain,1
1062,34.3,12.8,3.3,5.8,rain,3
1063,3.6,4.4,-4.3,5.3,snow,0
1064,0.0,2.8,-4.9,4.4,sun,0
1065,0.0,4.4,-3.2,2.2,sun,0
1066,0.0,5.6,-3.2,5.7,fog,0
1067,0.0,10.0,0.0,3.6,sun,0
1068,0.8,8.3,3.9,1.1,rain,0
1069,3.0,12.8,6.7,3.1,rain,1
1070,7.4,11.7,7.8,3.6,rain,4
1071,0.0,14.4,6.1,2.8,sun,1
1072,9.1,14.4,8.9,4.2,rain,4
1073,9.9,16.1,10.6,5.1,rain,4
1074,13.0,18.9,10.0,6.7,rain,4
1075,6.9,14.4,8.3,6.4,rain,1
1076,0.0,11.1,7.2,3.7,sun,1
1077,0.0,10.0,3.9,1.1,fog,0
1078,0.0,12.8,1.7,3.5,fog,0
1079,0.0,12.2,6.7,5.9,sun,1
1080,0.0,10.0,8.3,4.0,sun,1
1081,2.8,8.9,6.1,1.6,rain,0
1082,13.0,9.4,6.7,3.1,rain,4
1083,3.0,11.1,7.2,4.3,rain,1
1084,19.6,12.8,6.7,5.5,rain,4
1085,0.0,12.8,10.0,5.2,sun,1
1086,0.0,10.6,6.1,1.5,sun,0
1087,20.6,12.2,5.0,3.8,rain,4
1088,5.3,7.2,3.9,1.8,rain,0
1089,0.0,7.8,2.8,2.2,fog,0
1090,0.0,5.6,1.7,1.2,fog,0
1091,3.3,9.4,4.4,4.9,rain,0
1092,4.1,6.7,2.8,1.8,rain,0
1093,0.0,6.1,0.6,4.3,fog,0
1094,0.0,3.3,-2.1,3.6,sun,0
1095,0.0,3.3,-2.7,3.0,sun,0
1096,0.0,5.6,-3.2,1.2,sun,0
1097,1.5,5.6,0.0,2.3,rain,0
1098,0.0,5.0,1.7,1.7,fog,0
1099,10.2,10.6,3.3,4.5,rain,4
1100,8.1,12.2,9.4,6.4,rain,4
1101,0.0,12.2,6.1,1.3,fog,1
1102,0.0,7.8,5.6,1.6,fog,0
1103,0.0,7.8,1.7,2.6,fog,0
1104,0.3,10.0,3.3,0.6,rain,0
1105,5.8,7.8,6.1,0.5,rain,0
1106,1.5,9.4,7.2,1.1,rain,0
1107,0.0,11.1,4.4,1.6,fog,0
1108,0.0,9.4,2.8,2.7,fog,0
1109,0.0,6.1,0.6,2.8,fog,0
1110,9.7,7.8,1.1,3.2,rain,4
1111,0.0,11.7,5.6,4.5,fog,0
1112,26.2,13.3,3.3,2.8,rain,3
1113,21.3,13.9,7.2,6.6,rain,4
1114,0.5,10.0,6.1,2.8,rain,0
1115,0.0,10.0,3.3,3.0,fog,0
1116,0.0,7.2,-0.5,1.3,fog,0
1117,0.8,9.4,6.1,1.3,rain,0
1118,5.8,12.2,8.3,2.6,rain,1
1119,0.5,14.4,11.1,3.3,rain,1
1120,0.0,17.2,7.2,1.4,fog,1
1121,0.0,16.1,6.1,2.2,fog,1
1122,0.8,11.1,8.3,2.0,rain,1
1123,0.0,12.2,5.0,1.8,fog,0
1124,0.0,12.2,3.3,2.9,sun,0
1125,0.0,8.3,1.1,0.8,fog,0
1126,0.0,7.2,3.3,1.9,fog,0
1127,1.5,9.4,4.4,2.6,rain,0
1128,7.4,11.1,5.0,4.0,rain,4
1129,1.3,10.0,5.6,1.9,rain,0
1130,8.4,10.6,4.4,1.7,rain,4
1131,26.2,13.3,8.3,4.6,rain,3
1132,17.3,14.4,10.0,4.5,rain,4
1133,23.6,12.2,9.4,4.6,rain,3
1134,3.6,15.0,8.3,3.9,rain,1
1135,6.1,13.3,8.3,2.5,rain,1
1136,0.3,12.8,8.3,4.0,rain,1
1137,0.0,12.8,5.6,1.0,fog,1
1138,1.0,16.7,9.4,2.1,rain,1
1139,0.0,15.6,6.7,1.7,fog,1
1140,0.3,14.4,6.7,2.9,rain,1
1141,0.0,12.2,3.9,4.8,sun,0
1142,0.0,15.0,5.6,6.6,fog,1
1143,0.0,16.1,4.4,4.0,sun,1
1144,0.0,12.2,4.4,2.6,sun,0
1145,4.6,10.6,8.3,2.2,rain,1
1146,0.8,11.1,7.2,0.9,rain,1
1147,0.0,12.2,5.6,4.5,sun,1
1148,0.0,11.7,3.3,4.2,sun,0
1149,0.0,12.8,0.6,1.4,sun,0
1150,0.0,11.1,2.2,1.5,sun,0
1151,4.1,10.0,6.7,1.0,rain,0
1152,9.4,11.7,7.8,1.4,rain,4
1153,18.3,10.0,6.7,4.0,rain,4
1154,0.0,12.2,3.3,5.1,sun,0
1155,0.0,11.1,1.1,2.2,sun,0
1156,0.0,11.1,4.4,4.8,sun,0
1157,0.0,10.6,0.0,2.1,sun,0
1158,0.0,12.8,-0.5,1.8,sun,0
1159,0.0,13.3,2.8,1.3,sun,0
1160,0.0,15.0,3.3,1.4,sun,1
1161,0.0,16.7,3.9,2.7,fog,1
1162,0.0,17.2,3.9,1.7,fog,1
1163,0.0,14.4,4.4,1.8,fog,1
1164,0.8,13.3,5.0,2.6,rain,1
1165,2.5,14.4,8.9,3.1,rain,1
1166,0.0,17.8,9.4,3.2,sun,1
1167,2.0,17.2,7.8,2.2,rain,1
1168,17.0,13.9,9.4,3.8,rain,4
1169,55.9,10.6,6.1,4.2,rain,3
1170,1.0,13.9,6.1,3.0,rain,1
1171,0.8,13.3,4.4,2.6,rain,1
1172,0.0,15.6,7.2,2.5,sun,1
1173,0.0,15.6,8.3,1.9,sun,1
1174,4.1,13.9,8.9,1.9,rain,1
1175,3.8,13.3,8.3,4.7,rain,1
1176,1.0,11.7,6.1,2.3,rain,1
1177,8.1,11.1,5.6,2.8,rain,4
1178,7.6,12.8,6.1,3.9,rain,4
1179,5.1,14.4,7.2,4.4,rain,1
1180,0.0,20.6,10.0,2.2,sun,1
1181,1.0,18.3,8.9,4.0,rain,1
1182,0.0,15.6,9.4,5.7,sun,1
1183,0.0,15.6,8.9,3.0,sun,1
1184,1.8,17.8,10.6,2.9,rain,1
1185,1.0,12.8,6.1,4.2,rain,1
1186,5.1,12.8,5.6,3.2,rain,1
1187,0.0,13.3,5.6,2.4,sun,1
1188,1.5,11.1,5.0,3.6,rain,0
1189,0.0,12.8,3.9,1.7,sun,0
1190,0.0,16.7,2.8,2.4,sun,1
1191,1.0,13.9,6.7,3.5,rain,1
1192,0.5,14.4,6.7,3.9,rain,1
1193,0.0,17.2,6.1,1.7,sun,1
1194,0.0,17.2,6.1,2.3,sun,1
1195,10.9,13.9,7.8,4.6,rain,4
1196,0.0,11.7,5.6,6.5,sun,0
1197,0.0,13.3,5.6,3.6,sun,1
1198,14.0,11.7,3.9,3.6,rain,4
1199,3.3,11.7,2.8,3.3,rain,0
1200,0.0,13.9,3.3,2.4,sun,1
1201,0.0,17.8,3.9,3.1,sun,1
1202,0.0,18.9,6.1,3.6,sun,1
1203,0.0,18.9,8.3,3.9,sun,1
1204,0.0,21.1,8.3,3.6,sun,1
1205,0.0,22.8,7.8,2.6,sun,2
1206,5.6,17.2,6.7,3.4,rain,1
1207,0.0,15.6,5.0,2.3,sun,1
1208,3.0,12.2,6.7,4.1,rain,1
1209,3.3,12.2,6.1,5.0,rain,1
1210,1.3,13.3,5.6,3.0,rain,1
1211,0.0,15.6,4.4,2.7,fog,1
1212,0.3,25.0,10.6,2.3,rain,2
1213,1.8,15.6,8.9,4.3,rain,1
1214,0.0,16.1,7.2,4.7,sun,1
1215,0.0,17.2,7.8,2.1,sun,1
1216,0.0,18.3,8.9,3.7,sun,1
1217,0.0,18.3,7.8,3.7,sun,1
1218,0.0,20.6,7.8,2.6,sun,1
1219,0.0,17.2,7.2,5.2,sun,1
1220,6.1,14.4,7.2,5.1,rain,1
1221,0.0,16.7,7.2,2.6,fog,1
1222,0.0,20.6,6.1,3.0,sun,1
1223,0.0,23.9,8.3,3.0,sun,2
1224,0.0,26.7,9.4,2.6,sun,2
1225,0.0,19.4,11.1,2.8,sun,1
1226,0.0,13.9,10.0,2.5,fog,1
1227,4.3,15.6,10.6,3.3,rain,1
1228,4.1,12.2,10.0,2.8,rain,1
1229,0.3,17.8,9.4,2.0,rain,1
1230,0.0,20.0,9.4,2.8,fog,1
1231,0.0,15.6,11.1,3.0,sun,1
1232,0.0,19.4,10.6,2.1,sun,1
1233,0.0,25.6,12.2,3.0,sun,2
1234,0.0,21.7,11.7,2.6,sun,2
1235,0.0,23.3,10.6,1.8,fog,2
1236,0.0,25.6,11.7,2.1,sun,2
1237,0.0,16.7,11.7,3.7,sun,1
1238,0.0,16.1,11.7,2.6,sun,1
1239,0.0,17.8,11.1,2.7,sun,1
1240,0.0,15.6,11.1,2.7,sun,1
1241,0.0,21.7,11.7,2.1,sun,2
1242,0.0,24.4,11.7,1.8,sun,2
1243,0.0,27.8,12.2,2.1,sun,2
1244,0.0,26.1,12.8,2.5,sun,2
1245,0.0,22.8,10.0,2.5,sun,2
1246,0.0,25.0,11.7,2.2,sun,2
1247,4.6,16.1,11.7,3.4,rain,1
1248,0.5,17.8,12.8,5.0,rain,1
1249,0.0,20.0,11.7,3.0,sun,1
1250,0.0,22.8,11.7,3.9,sun,2
1251,0.0,26.7,12.8,4.3,sun,2
1252,0.0,29.4,13.3,2.6,sun,2
1253,0.0,31.1,15.6,3.2,sun,2
1254,0.0,30.6,14.4,3.5,sun,2
1255,0.0,28.9,14.4,2.7,sun,2
1256,0.0,25.6,11.1,3.0,sun,2
1257,0.0,24.4,11.1,3.5,sun,2
1258,0.0,20.0,11.7,2.3,sun,1
1259,0.0,23.9,9.4,2.6,sun,2
1260,0.0,27.8,11.7,3.7,sun,2
1261,0.0,30.0,16.1,3.5,drizzle,2
1262,0.0,22.8,11.1,3.0,sun,2
1263,0.0,25.0,11.1,3.1,sun,2
1264,0.0,24.4,13.9,3.0,sun,2
1265,0.5,23.9,13.3,3.2,rain,2
1266,0.0,25.0,12.8,4.3,sun,2
1267,0.0,25.6,13.9,3.4,sun,2
1268,0.0,25.0,12.8,2.4,sun,2
1269,0.0,26.1,11.7,2.4,sun,2
1270,0.0,25.6,16.1,2.6,sun,2
1271,0.0,30.6,15.6,3.0,sun,2
1272,0.0,31.7,17.8,4.7,sun,2
1273,0.0,33.3,17.2,3.9,sun,2
1274,0.3,28.3,18.3,2.1,rain,2
1275,0.0,28.9,17.2,2.7,sun,2
1276,0.0,30.6,15.0,3.4,fog,2
1277,0.0,32.2,17.2,4.3,sun,2
1278,0.0,33.9,17.8,3.4,sun,2
1279,0.0,33.3,17.8,2.6,sun,2
1280,0.0,33.3,15.0,2.9,sun,2
1281,0.0,32.8,16.7,2.1,sun,2
1282,0.0,29.4,15.6,3.2,drizzle,2
1283,0.0,27.2,13.9,2.4,sun,2
1284,0.0,30.0,14.4,1.9,drizzle,2
1285,0.0,28.9,14.4,3.4,sun,2
1286,0.0,21.1,16.7,3.7,sun,2
1287,0.0,22.2,16.7,3.0,sun,2
1288,0.0,26.1,16.7,2.2,sun,2
1289,0.0,25.6,16.1,3.1,sun,2
1290,0.0,27.8,16.1,3.3,sun,2
1291,0.0,26.1,14.4,3.2,sun,2
1292,0.0,26.1,15.0,2.8,sun,2
1293,0.0,27.8,13.9,3.3,sun,2
1294,0.0,33.3,17.8,3.4,sun,2
1295,0.0,35.0,17.2,3.3,sun,2
1296,0.0,26.7,16.7,3.9,sun,2
1297,0.0,23.9,15.0,2.4,sun,2
1298,0.0,23.9,13.9,2.8,sun,2
1299,0.0,26.1,14.4,1.9,sun,2
1300,0.3,22.8,13.3,3.8,rain,2
1301,0.0,21.1,14.4,2.4,fog,2
1302,2.0,22.2,13.9,2.6,rain,2
1303,0.0,23.3,12.2,1.9,fog,2
1304,0.0,27.8,13.9,3.4,sun,2
1305,0.0,32.2,14.4,3.8,sun,2
1306,0.0,34.4,17.2,3.5,sun,2
1307,0.0,34.4,17.8,2.6,sun,2
1308,0.0,33.3,15.6,3.1,sun,2
1309,0.0,30.6,16.1,2.0,sun,2
1310,0.0,28.3,17.2,2.3,sun,2
1311,0.0,26.1,14.4,2.6,fog,2
1312,0.0,23.3,12.2,3.5,sun,2
1313,0.0,25.0,15.0,2.9,sun,2
1314,0.0,28.3,15.6,3.7,sun,2
1315,0.0,25.0,15.6,3.6,fog,2
1316,0.0,28.3,15.0,2.2,sun,2
1317,0.0,28.9,16.1,2.4,sun,2
1318,0.0,30.0,16.7,4.4,sun,2
1319,7.6,28.3,16.7,2.7,rain,2
1320,0.0,28.3,15.6,2.2,sun,2
1321,30.5,18.3,15.0,5.2,rain,3
1322,0.0,21.7,13.9,3.7,sun,2
1323,0.0,25.0,14.4,3.7,sun,2
1324,0.0,27.2,13.9,3.0,sun,2
1325,0.0,30.0,15.0,3.0,sun,2
1326,0.0,31.7,16.1,2.1,drizzle,2
1327,2.0,22.8,14.4,4.2,rain,2
1328,0.0,22.2,14.4,2.6,sun,2
1329,0.0,26.7,12.2,2.5,drizzle,2
1330,0.0,27.8,13.9,1.8,drizzle,2
1331,0.0,23.9,12.2,2.3,sun,2
1332,0.0,25.6,12.2,3.4,sun,2
1333,0.0,28.3,13.9,1.7,sun,2
1334,0.0,29.4,14.4,2.1,sun,2
1335,0.5,23.3,15.6,2.6,rain,2
1336,32.5,22.2,13.3,5.8,rain,3
1337,10.2,20.0,12.8,4.7,rain,4
1338,0.0,18.9,16.1,5.8,sun,2
1339,5.8,19.4,13.9,5.0,rain,1
1340,0.0,19.4,11.1,3.8,sun,1
1341,0.0,18.3,10.6,2.9,sun,1
1342,0.0,18.3,10.0,2.9,sun,1
1343,0.3,20.6,8.9,3.5,rain,1
1344,5.3,16.1,11.7,2.4,rain,1
1345,0.3,21.1,13.3,1.5,rain,2
1346,0.0,22.8,13.3,2.4,sun,2
1347,0.0,24.4,13.9,3.3,sun,2
1348,0.0,25.0,14.4,3.6,fog,2
1349,0.0,27.2,15.0,3.1,sun,2
1350,0.0,26.7,14.4,2.1,sun,2
1351,0.5,20.6,12.8,3.0,rain,2
1352,0.0,16.7,10.6,3.4,sun,1
1353,0.0,17.8,10.0,2.8,sun,1
1354,1.0,20.0,10.0,1.9,rain,1
1355,1.8,18.3,12.8,3.8,rain,1
1356,0.0,19.4,12.8,2.6,sun,1
1357,0.0,21.1,14.4,4.3,sun,2
1358,4.1,22.8,12.2,6.8,rain,2
1359,0.0,18.3,9.4,2.7,fog,1
1360,0.0,18.9,7.8,2.0,sun,1
1361,0.0,20.6,8.3,1.8,sun,1
1362,0.0,22.2,11.1,2.5,fog,2
1363,2.0,15.6,12.8,2.6,rain,1
1364,0.0,18.3,10.0,2.7,sun,1
1365,0.0,17.8,7.2,3.8,sun,1
1366,0.0,21.1,9.4,5.1,sun,1
1367,0.0,21.7,8.9,1.9,sun,1
1368,0.0,18.3,10.0,1.3,fog,1
1369,0.0,21.1,9.4,1.3,fog,1
1370,0.0,15.6,10.0,2.9,fog,1
1371,0.0,19.4,11.1,4.8,sun,1
1372,0.0,22.8,10.0,3.7,sun,2
1373,0.0,23.3,9.4,1.6,sun,2
1374,0.0,18.3,10.0,2.6,drizzle,1
1375,9.9,16.1,13.9,2.2,rain,4
1376,0.0,18.9,13.3,1.1,fog,1
1377,0.3,19.4,12.2,2.6,rain,1
1378,28.7,21.1,13.3,4.7,rain,3
1379,0.0,17.8,10.6,2.6,sun,1
1380,4.6,18.3,10.6,2.8,rain,1
1381,1.3,16.7,9.4,3.2,rain,1
1382,0.0,15.0,10.0,5.0,fog,1
1383,0.0,21.1,9.4,3.4,fog,1
1384,0.0,20.0,8.9,1.3,sun,1
1385,0.3,19.4,11.7,1.3,rain,1
1386,3.8,15.0,12.8,2.0,rain,1
1387,0.3,17.2,12.2,2.6,rain,1
1388,0.0,17.8,10.6,1.8,fog,1
1389,0.0,16.1,8.3,1.3,fog,1
1390,0.0,16.1,8.9,2.7,fog,1
1391,0.0,12.8,7.2,2.6,fog,1
1392,0.0,15.0,8.9,2.9,fog,1
1393,8.9,19.4,8.9,3.4,rain,1
1394,6.9,12.2,10.0,4.6,rain,1
1395,0.0,16.1,7.8,1.7,fog,1
1396,3.3,13.9,11.1,2.8,rain,1
1397,1.8,15.0,12.2,4.7,rain,1
1398,19.3,17.2,11.7,6.7,rain,4
1399,33.0,15.6,11.7,7.2,rain,3
1400,26.2,12.2,8.9,6.0,rain,3
1401,0.3,11.1,7.2,2.8,rain,1
1402,0.8,10.6,5.0,1.4,rain,0
1403,0.0,10.0,3.3,2.2,sun,0
1404,1.3,11.7,7.8,2.3,rain,1
1405,0.0,15.6,8.3,2.7,fog,1
1406,12.7,12.2,9.4,3.0,rain,4
1407,6.6,11.1,7.8,1.8,rain,4
1408,3.3,10.0,5.0,1.3,rain,0
1409,1.3,11.1,3.9,3.9,rain,0
1410,1.5,11.1,6.1,4.6,rain,0
1411,9.9,11.1,5.0,5.1,rain,4
1412,33.5,13.3,9.4,6.5,rain,3
1413,47.2,9.4,6.1,4.5,rain,3
1414,22.4,8.9,2.2,4.1,rain,4
1415,2.0,8.9,1.7,4.0,rain,0
1416,29.5,13.3,6.7,8.0,rain,3
1417,1.5,8.9,3.3,3.8,rain,0
1418,2.0,8.9,2.8,4.2,rain,0
1419,0.0,8.3,0.6,4.0,fog,0
1420,0.0,8.9,0.6,4.7,sun,0
1421,0.0,10.0,1.7,3.1,fog,0
1422,3.0,6.7,0.0,1.3,rain,0
1423,7.1,6.7,2.8,4.5,rain,0
1424,0.0,7.2,0.0,5.7,sun,0
1425,0.0,9.4,-1.0,4.3,sun,0
1426,0.0,9.4,-1.6,3.0,sun,0
1427,0.0,7.2,-2.7,1.0,sun,0
1428,0.0,1.7,-2.1,0.9,fog,0
1429,0.5,5.6,-3.8,1.7,rain,0
1430,12.2,10.0,3.9,3.5,rain,4
1431,2.5,10.6,4.4,5.0,rain,0
1432,12.7,15.6,7.8,5.9,rain,4
1433,2.0,10.6,6.1,4.7,rain,0
1434,15.7,10.0,6.1,4.0,rain,4
1435,11.2,12.8,7.2,5.9,rain,4
1436,27.4,11.1,8.3,3.4,rain,3
1437,54.1,15.6,10.0,6.2,rain,3
1438,13.5,12.2,7.8,6.3,rain,4
1439,9.4,11.7,6.1,7.5,rain,4
1440,0.3,9.4,4.4,2.8,rain,0
1441,16.0,8.9,5.6,5.6,rain,4
1442,1.3,7.8,6.1,6.1,rain,0
1443,0.0,7.8,1.7,1.7,sun,0
1444,1.5,6.7,1.1,2.9,rain,0
1445,3.6,6.1,2.8,2.3,rain,0
1446,21.8,6.7,3.9,6.0,rain,4
1447,18.5,8.9,4.4,5.1,rain,4
1448,0.0,8.3,2.8,4.1,fog,0
1449,4.3,7.8,4.4,6.7,rain,0
1450,27.4,5.6,2.8,4.3,rain,3
1451,4.6,7.8,2.8,5.0,rain,0
1452,6.1,5.0,2.8,7.6,rain,0
1453,2.5,5.6,2.2,4.3,rain,0
1454,5.8,5.0,2.2,1.5,rain,0
1455,0.0,4.4,0.0,2.5,sun,0
1456,8.6,4.4,1.7,2.9,rain,0
1457,1.5,5.0,1.7,1.3,rain,0
1458,0.0,7.2,0.6,2.6,fog,0
1459,0.0,5.6,-1.0,3.4,sun,0
1460,0.0,5.6,-2.1,3.5,sun,0
